{"train_category_loss": [132.52120971679688, 85.16141510009766, 60.399017333984375, 47.11579513549805, 36.608028411865234, 29.777408599853516, 25.14903450012207, 17.82705307006836, 17.767087936401367, 18.679933547973633, 16.824377059936523, 16.4191951751709, 14.245711326599121, 13.076013565063477, 12.602812767028809, 16.959243774414062, 13.956008911132812, 13.307623863220215, 13.7526273727417, 11.516241073608398], "train_possibility_loss": [33.557106018066406, 14.322701454162598, 6.717242240905762, 4.15584659576416, 3.215554714202881, 3.080523729324341, 3.1001224517822266, 2.0658273696899414, 1.625726580619812, 1.960740327835083, 1.5192639827728271, 1.685131311416626, 1.8988659381866455, 1.8183904886245728, 1.58450186252594, 1.5488550662994385, 1.8067846298217773, 1.6325260400772095, 1.621982455253601, 1.652622103691101], "test_category_loss": [49.348175048828125, 45.26238250732422, 44.489959716796875, 43.05583190917969, 42.450103759765625, 41.73796844482422, 41.200103759765625, 41.440574645996094, 41.7438850402832, 41.5699577331543, 41.80577850341797, 41.643497467041016, 41.505104064941406, 41.55754089355469, 41.627479553222656, 41.39173126220703, 41.400901794433594, 41.349266052246094, 41.40596008300781, 41.391788482666016], "test_possibility_loss": [20.701810836791992, 20.621458053588867, 20.568063735961914, 20.589330673217773, 20.58420181274414, 20.60367202758789, 20.583984375, 20.59222412109375, 20.598304748535156, 20.579265594482422, 20.582189559936523, 20.592769622802734, 20.597694396972656, 20.599895477294922, 20.60256004333496, 20.606361389160156, 20.605876922607422, 20.608549118041992, 20.608854293823242, 20.608903884887695], "test_category_acc": [13, 14, 14, 13, 16, 17, 17, 18, 18, 18, 19, 18, 19, 19, 19, 19, 19, 19, 19, 19], "test_possibility_acc": [16, 15, 16, 17, 17, 17, 17, 17, 18, 18, 18, 18, 19, 19, 19, 19, 19, 19, 19, 19], "test_acc": [48.33, 48.33, 50.0, 50.0, 55.0, 56.67, 56.67, 58.33, 60.0, 60.0, 61.67, 60.0, 63.33, 63.33, 63.33, 63.33, 63.33, 63.33, 63.33, 63.33]}