{"train_category_loss": [145.4860076904297, 91.65345764160156, 60.76080322265625, 45.87641525268555, 37.6817741394043, 31.521381378173828, 25.97783088684082, 20.908315658569336, 19.480920791625977, 19.732162475585938, 14.91189956665039, 17.76057243347168, 14.911766052246094, 15.00478744506836, 16.528072357177734, 17.0169620513916, 16.50037956237793, 15.452189445495605, 14.756321907043457, 15.634485244750977], "train_possibility_loss": [39.437442779541016, 11.592674255371094, 5.9888834953308105, 4.56176233291626, 3.0755627155303955, 2.9135284423828125, 2.252368927001953, 2.398000717163086, 1.7478861808776855, 1.975906252861023, 1.6937918663024902, 1.9944818019866943, 1.4796650409698486, 1.4434418678283691, 1.5650697946548462, 1.3527034521102905, 1.7169166803359985, 1.4857559204101562, 1.8332767486572266, 1.47305166721344], "test_category_loss": [26.45810317993164, 24.031944274902344, 23.328529357910156, 22.593358993530273, 21.494388580322266, 20.56780433654785, 20.84512710571289, 20.678836822509766, 20.659311294555664, 20.570022583007812, 20.39870834350586, 20.452205657958984, 20.457714080810547, 20.44780921936035, 20.402950286865234, 20.36688995361328, 20.351821899414062, 20.3527889251709, 20.296281814575195, 20.289066314697266], "test_possibility_loss": [11.12769889831543, 11.021988868713379, 11.66325855255127, 12.470144271850586, 12.341833114624023, 11.959541320800781, 12.080328941345215, 12.141839027404785, 12.251129150390625, 12.192334175109863, 12.279565811157227, 12.271722793579102, 12.334814071655273, 12.327943801879883, 12.364459037780762, 12.397431373596191, 12.411067008972168, 12.431822776794434, 12.410738945007324, 12.408167839050293], "test_category_acc": [6, 8, 8, 8, 10, 9, 11, 11, 11, 11, 11, 11, 11, 11, 11, 11, 11, 11, 11, 11], "test_possibility_acc": [9, 11, 11, 10, 12, 12, 12, 12, 12, 12, 12, 12, 12, 12, 12, 12, 12, 12, 12, 12], "test_acc": [46.88, 59.38, 59.38, 56.25, 68.75, 65.62, 71.88, 71.88, 71.88, 71.88, 71.88, 71.88, 71.88, 71.88, 71.88, 71.88, 71.88, 71.88, 71.88, 71.88]}